{"cameraMode":{"drawMode":0,"name":"Shaded","section":"Shading Mode"},"sceneLighting":true,"audioPlay":false,"sceneViewState":{"showFog":true,"showMaterialUpdate":false,"showSkybox":true,"showFlares":true,"showImageEffects":true,"showParticleSystems":true},"in2DMode":false,"pivot":{"x":-1.0217171907424927,"y":0.4702415466308594,"z":-2.135913610458374},"rotation":{"x":-0.04921630024909973,"y":0.9423612952232361,"z":-0.1601235270500183,"w":-0.2896479666233063},"size":25.324451446533204,"orthographic":false}