{"cameraMode":{"drawMode":0,"name":"Shaded","section":"Shading Mode"},"sceneLighting":true,"audioPlay":false,"sceneViewState":{"showFog":true,"showMaterialUpdate":false,"showSkybox":true,"showFlares":true,"showImageEffects":true,"showParticleSystems":true},"in2DMode":false,"pivot":{"x":1.1758168935775757,"y":11.685677528381348,"z":5.136463165283203},"rotation":{"x":0.24585814774036408,"y":-0.004065348766744137,"z":0.0010666350135579706,"w":0.9693366289138794},"size":40.563743591308597,"orthographic":true}